Nombre|Apellido1|Apellido2
Harriet|Dorsey|Dickerson
Clinton|Drake|Bass
Meredith|Gill|Kaufman
Stella|Small|Callahan
Denton|Vega|Francis
Ira|Haley|Roach
Jack|Mcclain|Tyler
Xanthus|Hogan|Tillman
Lucius|Wolf|Norris
Leroy|Cabrera|Barron
Nelle|Rodriguez|Alexander
Heidi|Hyde|Rodriguez
Leandra|Joyce|Luna
Ali|Dorsey|Trevino
Daria|Velez|Diaz
Autumn|Russell|Russo
Sebastian|Alston|Navarro
Steven|Garrison|Lucas
Kuame|Holman|Britt
Simone|Erickson|Palmer
Julian|Clay|Sawyer
Stewart|Mercer|Sheppard
Caldwell|Obrien|Shields
Zephania|Hicks|Snyder
Coby|Monroe|Benjamin
Imelda|Wilkins|Vance
Kalia|Stout|Kerr
Burke|Montoya|Diaz
Randall|Fernandez|Vance
Doris|Golden|Spencer
Kim|Wilson|David
Theodore|Hampton|Mcintyre
Samson|Oneill|Mcfarland
Shea|Gordon|Sims
Harding|Graham|Barrett
Zenia|Green|Frank
Addison|Blake|Christian
Leo|Nieves|Mckay
Hayley|Curry|Dudley
Winifred|Yates|Case
Magee|Jefferson|Rivera
Florence|Small|Carroll
Elliott|Contreras|Holland
Summer|Salinas|Olsen
Aimee|Rice|Guerrero
Leila|Francis|Lane
Chantale|Bradley|Cox
Amanda|Burt|Wagner
Quinn|George|Lopez
Cameron|Collier|Acosta
Dillon|Wooten|Mullen
Myra|Blevins|Rowland
Rogan|Wheeler|Case
Eugenia|Mcknight|Mcclain
Jermaine|Guerrero|Carrillo
Daniel|Ramsey|Dotson
Jasmine|William|Riggs
Dean|Acosta|Barlow
Kitra|Rollins|Gordon
Giacomo|Obrien|Haley
Bree|Maddox|Mccarty
Abbot|Norris|Mccarty
Zephania|Kirby|Tyler
Dacey|Nicholson|Gutierrez
Danielle|Berry|Sheppard
Howard|Gray|Pierce
Wanda|Delacruz|Bolton
Hector|Edwards|Marks
Camilla|Bell|Duke
Rachel|Sargent|Reed
Damian|Carver|Hardin
Keelie|Harper|Melton
Jason|Franks|Doyle
Jeremy|Wong|Cash
Anika|Blanchard|Key
Carlos|Calhoun|Ross
Orlando|Cannon|Bartlett
Serina|Bowman|Guerra
Chase|Galloway|Humphrey
Anne|Barrett|Luna
Deirdre|Griffith|Mercado
Carolyn|Ward|Newman
Jolene|Short|Lynn
Tara|Rush|Kidd
Reuben|Barnes|Greene
Rylee|May|Weber
Odessa|Acosta|Gibbs
Miriam|Gallegos|Meadows
Colin|Boyer|Alexander
Devin|Bonner|Wong
Timon|Griffin|Schmidt
Levi|Potts|Wilcox
Boris|Duke|Workman
Colby|Sherman|Salazar
Malcolm|Peterson|Sutton
Kameko|Conley|Gallegos
Lee|Ellison|Rasmussen
Judah|Clay|Campos
Chester|Rice|Vincent
Minerva|Bennett|Christensen
sdvl kvf mlkvf|vsdnovsfnj vf|sdvnosdvnosdv